Year,m,d,Time,Time zone,Direct solar radiation (W/m2)
2020,3,20,00:00,UTC,-0.4
2020,3,20,00:01,UTC,-0.3
2020,3,20,00:02,UTC,-0.3
2020,3,20,00:03,UTC,-0.2
2020,3,20,00:04,UTC,-0.2
2020,3,20,00:05,UTC,-0.2
2020,3,20,00:06,UTC,-0.2
2020,3,20,00:07,UTC,-0.2
2020,3,20,00:08,UTC,-0.2
2020,3,20,00:09,UTC,-0.3
2020,3,20,00:10,UTC,-0.1
2020,3,20,00:11,UTC,-0.1
2020,3,20,00:12,UTC,-0.1
2020,3,20,00:13,UTC,-0.1
2020,3,20,00:14,UTC,-0.2
2020,3,20,00:15,UTC,-0.5
2020,3,20,00:16,UTC,-0.7
2020,3,20,00:17,UTC,-0.4
2020,3,20,00:18,UTC,-0.1
2020,3,20,00:19,UTC,-0.3
2020,3,20,00:20,UTC,-0.2
2020,3,20,00:21,UTC,-0.3
2020,3,20,00:22,UTC,-0.3
2020,3,20,00:23,UTC,-0.3
2020,3,20,00:24,UTC,-0.2
2020,3,20,00:25,UTC,-0.4
2020,3,20,00:26,UTC,-0.6
2020,3,20,00:27,UTC,-0.3
2020,3,20,00:28,UTC,-0.3
2020,3,20,00:29,UTC,-0.3
2020,3,20,00:30,UTC,-0.2
2020,3,20,00:31,UTC,0.1
2020,3,20,00:32,UTC,0
2020,3,20,00:33,UTC,0.1
2020,3,20,00:34,UTC,0.1
2020,3,20,00:35,UTC,-0.4
2020,3,20,00:36,UTC,-0.2
2020,3,20,00:37,UTC,-0.2
2020,3,20,00:38,UTC,0.1
2020,3,20,00:39,UTC,0
2020,3,20,00:40,UTC,-0.2
2020,3,20,00:41,UTC,-0.1
2020,3,20,00:42,UTC,-0.3
2020,3,20,00:43,UTC,-0.1
2020,3,20,00:44,UTC,-0.1
2020,3,20,00:45,UTC,0
2020,3,20,00:46,UTC,0.2
2020,3,20,00:47,UTC,0.2
2020,3,20,00:48,UTC,0
2020,3,20,00:49,UTC,0.1
2020,3,20,00:50,UTC,0.2
2020,3,20,00:51,UTC,0.2
2020,3,20,00:52,UTC,0
2020,3,20,00:53,UTC,-0.2
2020,3,20,00:54,UTC,-0.1
2020,3,20,00:55,UTC,0.1
2020,3,20,00:56,UTC,0.1
2020,3,20,00:57,UTC,0
2020,3,20,00:58,UTC,0.1
2020,3,20,00:59,UTC,0
2020,3,20,01:00,UTC,-0.2
2020,3,20,01:01,UTC,-0.1
2020,3,20,01:02,UTC,0.1
2020,3,20,01:03,UTC,-0.2
2020,3,20,01:04,UTC,-0.1
2020,3,20,01:05,UTC,-0.3
2020,3,20,01:06,UTC,-0.4
2020,3,20,01:07,UTC,-0.3
2020,3,20,01:08,UTC,-0.7
2020,3,20,01:09,UTC,-0.5
2020,3,20,01:10,UTC,-0.4
2020,3,20,01:11,UTC,-0.5
2020,3,20,01:12,UTC,-0.3
2020,3,20,01:13,UTC,-0.3
2020,3,20,01:14,UTC,-0.3
2020,3,20,01:15,UTC,-0.2
2020,3,20,01:16,UTC,-0.1
2020,3,20,01:17,UTC,-0.2
2020,3,20,01:18,UTC,-0.2
2020,3,20,01:19,UTC,-0.2
2020,3,20,01:20,UTC,-0.2
2020,3,20,01:21,UTC,0.1
2020,3,20,01:22,UTC,0
2020,3,20,01:23,UTC,0
2020,3,20,01:24,UTC,-0.2
2020,3,20,01:25,UTC,0.1
2020,3,20,01:26,UTC,0.2
2020,3,20,01:27,UTC,0.1
2020,3,20,01:28,UTC,-0.1
2020,3,20,01:29,UTC,-0.1
2020,3,20,01:30,UTC,-0.1
2020,3,20,01:31,UTC,-0.2
2020,3,20,01:32,UTC,0
2020,3,20,01:33,UTC,0
2020,3,20,01:34,UTC,0
2020,3,20,01:35,UTC,0
2020,3,20,01:36,UTC,-0.1
2020,3,20,01:37,UTC,-0.1
2020,3,20,01:38,UTC,-0.3
2020,3,20,01:39,UTC,-0.1
2020,3,20,01:40,UTC,-0.1
2020,3,20,01:41,UTC,-0.1
2020,3,20,01:42,UTC,0.1
2020,3,20,01:43,UTC,0.1
2020,3,20,01:44,UTC,0.2
2020,3,20,01:45,UTC,0.2
2020,3,20,01:46,UTC,0.2
2020,3,20,01:47,UTC,0.1
2020,3,20,01:48,UTC,0.2
2020,3,20,01:49,UTC,0.1
2020,3,20,01:50,UTC,0.1
2020,3,20,01:51,UTC,0
2020,3,20,01:52,UTC,-0.1
2020,3,20,01:53,UTC,-0.1
2020,3,20,01:54,UTC,-0.2
2020,3,20,01:55,UTC,-0.1
2020,3,20,01:56,UTC,-0.1
2020,3,20,01:57,UTC,0.1
2020,3,20,01:58,UTC,-0.1
2020,3,20,01:59,UTC,-0.3
2020,3,20,02:00,UTC,-0.1
2020,3,20,02:01,UTC,-0.1
2020,3,20,02:02,UTC,-0.1
2020,3,20,02:03,UTC,-0.1
2020,3,20,02:04,UTC,-0.3
2020,3,20,02:05,UTC,-0.2
2020,3,20,02:06,UTC,-0.1
2020,3,20,02:07,UTC,-0.2
2020,3,20,02:08,UTC,-0.1
2020,3,20,02:09,UTC,-0.2
2020,3,20,02:10,UTC,-0.2
2020,3,20,02:11,UTC,-0.2
2020,3,20,02:12,UTC,-0.1
2020,3,20,02:13,UTC,-0.3
2020,3,20,02:14,UTC,-0.3
2020,3,20,02:15,UTC,-0.5
2020,3,20,02:16,UTC,-0.4
2020,3,20,02:17,UTC,-0.4
2020,3,20,02:18,UTC,-0.4
2020,3,20,02:19,UTC,-0.5
2020,3,20,02:20,UTC,-0.8
2020,3,20,02:21,UTC,-0.6
2020,3,20,02:22,UTC,-0.4
2020,3,20,02:23,UTC,-0.4
2020,3,20,02:24,UTC,-0.4
2020,3,20,02:25,UTC,-0.4
2020,3,20,02:26,UTC,-0.3
2020,3,20,02:27,UTC,-0.3
2020,3,20,02:28,UTC,-0.3
2020,3,20,02:29,UTC,-0.3
2020,3,20,02:30,UTC,-0.2
2020,3,20,02:31,UTC,-0.3
2020,3,20,02:32,UTC,-0.1
2020,3,20,02:33,UTC,0.1
2020,3,20,02:34,UTC,0
2020,3,20,02:35,UTC,0.1
2020,3,20,02:36,UTC,0
2020,3,20,02:37,UTC,0.3
2020,3,20,02:38,UTC,0.4
2020,3,20,02:39,UTC,0.3
2020,3,20,02:40,UTC,0.3
2020,3,20,02:41,UTC,0.6
2020,3,20,02:42,UTC,0.4
2020,3,20,02:43,UTC,0.3
2020,3,20,02:44,UTC,0.5
2020,3,20,02:45,UTC,0.2
2020,3,20,02:46,UTC,0.3
2020,3,20,02:47,UTC,0.2
2020,3,20,02:48,UTC,0.3
2020,3,20,02:49,UTC,0.5
2020,3,20,02:50,UTC,0.6
2020,3,20,02:51,UTC,0.5
2020,3,20,02:52,UTC,0.4
2020,3,20,02:53,UTC,0.5
2020,3,20,02:54,UTC,0.5
2020,3,20,02:55,UTC,0.3
2020,3,20,02:56,UTC,0.2
2020,3,20,02:57,UTC,0.3
2020,3,20,02:58,UTC,0.4
2020,3,20,02:59,UTC,0.7
2020,3,20,03:00,UTC,0.8
2020,3,20,03:01,UTC,0.8
2020,3,20,03:02,UTC,0.7
2020,3,20,03:03,UTC,0.5
2020,3,20,03:04,UTC,0.4
2020,3,20,03:05,UTC,0.3
2020,3,20,03:06,UTC,0.2
2020,3,20,03:07,UTC,0.1
2020,3,20,03:08,UTC,0
2020,3,20,03:09,UTC,-0.1
2020,3,20,03:10,UTC,-0.1
2020,3,20,03:11,UTC,-0.3
2020,3,20,03:12,UTC,-0.2
2020,3,20,03:13,UTC,-0.2
2020,3,20,03:14,UTC,-0.3
2020,3,20,03:15,UTC,-0.1
2020,3,20,03:16,UTC,-0.1
2020,3,20,03:17,UTC,-0.2
2020,3,20,03:18,UTC,-0.1
2020,3,20,03:19,UTC,0
2020,3,20,03:20,UTC,-0.2
2020,3,20,03:21,UTC,0
2020,3,20,03:22,UTC,-0.2
2020,3,20,03:23,UTC,-0.2
2020,3,20,03:24,UTC,-0.1
2020,3,20,03:25,UTC,-0.1
2020,3,20,03:26,UTC,0
2020,3,20,03:27,UTC,0.1
2020,3,20,03:28,UTC,0.2
2020,3,20,03:29,UTC,0
2020,3,20,03:30,UTC,0
2020,3,20,03:31,UTC,0.1
2020,3,20,03:32,UTC,-0.1
2020,3,20,03:33,UTC,-0.2
2020,3,20,03:34,UTC,0.1
2020,3,20,03:35,UTC,0
2020,3,20,03:36,UTC,0.1
2020,3,20,03:37,UTC,0.1
2020,3,20,03:38,UTC,0
2020,3,20,03:39,UTC,0.2
2020,3,20,03:40,UTC,0.3
2020,3,20,03:41,UTC,0.1
2020,3,20,03:42,UTC,0.3
2020,3,20,03:43,UTC,0.2
2020,3,20,03:44,UTC,0.1
2020,3,20,03:45,UTC,0
2020,3,20,03:46,UTC,0.1
2020,3,20,03:47,UTC,0.2
2020,3,20,03:48,UTC,0.2
2020,3,20,03:49,UTC,0.3
2020,3,20,03:50,UTC,0.3
2020,3,20,03:51,UTC,0.4
2020,3,20,03:52,UTC,0.3
2020,3,20,03:53,UTC,0.3
2020,3,20,03:54,UTC,0.2
2020,3,20,03:55,UTC,0.2
2020,3,20,03:56,UTC,0.2
2020,3,20,03:57,UTC,0.5
2020,3,20,03:58,UTC,0.7
2020,3,20,03:59,UTC,0.7
2020,3,20,04:00,UTC,0.4
2020,3,20,04:01,UTC,0.2
2020,3,20,04:02,UTC,0.2
2020,3,20,04:03,UTC,0.3
2020,3,20,04:04,UTC,0.2
2020,3,20,04:05,UTC,0.1
2020,3,20,04:06,UTC,0.2
2020,3,20,04:07,UTC,0.2
2020,3,20,04:08,UTC,0.1
2020,3,20,04:09,UTC,0.2
2020,3,20,04:10,UTC,0.1
2020,3,20,04:11,UTC,0.1
2020,3,20,04:12,UTC,0.1
2020,3,20,04:13,UTC,0.1
2020,3,20,04:14,UTC,0.3
2020,3,20,04:15,UTC,0.4
2020,3,20,04:16,UTC,0.3
2020,3,20,04:17,UTC,0.2
2020,3,20,04:18,UTC,0.4
2020,3,20,04:19,UTC,0.4
2020,3,20,04:20,UTC,0.6
2020,3,20,04:21,UTC,0.5
2020,3,20,04:22,UTC,0.4
2020,3,20,04:23,UTC,0.4
2020,3,20,04:24,UTC,0.7
2020,3,20,04:25,UTC,0.8
2020,3,20,04:26,UTC,0.6
2020,3,20,04:27,UTC,0.8
2020,3,20,04:28,UTC,0.8
2020,3,20,04:29,UTC,0.6
2020,3,20,04:30,UTC,0.6
2020,3,20,04:31,UTC,0.6
2020,3,20,04:32,UTC,0.6
2020,3,20,04:33,UTC,0.6
2020,3,20,04:34,UTC,0.4
2020,3,20,04:35,UTC,0.6
2020,3,20,04:36,UTC,0.6
2020,3,20,04:37,UTC,0.6
2020,3,20,04:38,UTC,0.7
2020,3,20,04:39,UTC,0.7
2020,3,20,04:40,UTC,0.7
2020,3,20,04:41,UTC,0.9
2020,3,20,04:42,UTC,0.8
2020,3,20,04:43,UTC,0.8
2020,3,20,04:44,UTC,0.8
2020,3,20,04:45,UTC,0.7
2020,3,20,04:46,UTC,0.7
2020,3,20,04:47,UTC,0.9
2020,3,20,04:48,UTC,1
2020,3,20,04:49,UTC,1
2020,3,20,04:50,UTC,1.2
2020,3,20,04:51,UTC,1.5
2020,3,20,04:52,UTC,2.1
2020,3,20,04:53,UTC,3.1
2020,3,20,04:54,UTC,4.9
2020,3,20,04:55,UTC,6.9
2020,3,20,04:56,UTC,8.7
2020,3,20,04:57,UTC,20.6
2020,3,20,04:58,UTC,84
2020,3,20,04:59,UTC,102.4
2020,3,20,05:00,UTC,39.6
2020,3,20,05:01,UTC,22.6
2020,3,20,05:02,UTC,16.6
2020,3,20,05:03,UTC,12.9
2020,3,20,05:04,UTC,38.8
2020,3,20,05:05,UTC,82.1
2020,3,20,05:06,UTC,40
2020,3,20,05:07,UTC,9.9
2020,3,20,05:08,UTC,10.3
2020,3,20,05:09,UTC,8
2020,3,20,05:10,UTC,5.7
2020,3,20,05:11,UTC,4.9
2020,3,20,05:12,UTC,5.4
2020,3,20,05:13,UTC,6.1
2020,3,20,05:14,UTC,7.1
2020,3,20,05:15,UTC,8.7
2020,3,20,05:16,UTC,13
2020,3,20,05:17,UTC,23.1
2020,3,20,05:18,UTC,19.3
2020,3,20,05:19,UTC,19.1
2020,3,20,05:20,UTC,20.6
2020,3,20,05:21,UTC,16.3
2020,3,20,05:22,UTC,2.8
2020,3,20,05:23,UTC,2
2020,3,20,05:24,UTC,3
2020,3,20,05:25,UTC,2.5
2020,3,20,05:26,UTC,1.5
2020,3,20,05:27,UTC,1.2
2020,3,20,05:28,UTC,1.1
2020,3,20,05:29,UTC,1.4
2020,3,20,05:30,UTC,1.5
2020,3,20,05:31,UTC,1.8
2020,3,20,05:32,UTC,2.3
2020,3,20,05:33,UTC,2.7
2020,3,20,05:34,UTC,3.3
2020,3,20,05:35,UTC,6.8
2020,3,20,05:36,UTC,7.5
2020,3,20,05:37,UTC,5.9
2020,3,20,05:38,UTC,4.7
2020,3,20,05:39,UTC,2.8
2020,3,20,05:40,UTC,2.2
2020,3,20,05:41,UTC,1.9
2020,3,20,05:42,UTC,1.6
2020,3,20,05:43,UTC,1.2
2020,3,20,05:44,UTC,1.1
2020,3,20,05:45,UTC,1.3
2020,3,20,05:46,UTC,2
2020,3,20,05:47,UTC,3.2
2020,3,20,05:48,UTC,5.2
2020,3,20,05:49,UTC,4.1
2020,3,20,05:50,UTC,3
2020,3,20,05:51,UTC,3.1
2020,3,20,05:52,UTC,4.2
2020,3,20,05:53,UTC,5.7
2020,3,20,05:54,UTC,11.4
2020,3,20,05:55,UTC,37.3
2020,3,20,05:56,UTC,31.9
2020,3,20,05:57,UTC,15.9
2020,3,20,05:58,UTC,18
2020,3,20,05:59,UTC,22.7
2020,3,20,06:00,UTC,16.7
2020,3,20,06:01,UTC,16.1
2020,3,20,06:02,UTC,9.8
2020,3,20,06:03,UTC,8.8
2020,3,20,06:04,UTC,9.5
2020,3,20,06:05,UTC,9.4
2020,3,20,06:06,UTC,10.4
2020,3,20,06:07,UTC,10.6
2020,3,20,06:08,UTC,12.9
2020,3,20,06:09,UTC,12.2
2020,3,20,06:10,UTC,8.2
2020,3,20,06:11,UTC,7.5
2020,3,20,06:12,UTC,9.6
2020,3,20,06:13,UTC,15
2020,3,20,06:14,UTC,22.2
2020,3,20,06:15,UTC,35
2020,3,20,06:16,UTC,65.4
2020,3,20,06:17,UTC,143.7
2020,3,20,06:18,UTC,284.9
2020,3,20,06:19,UTC,324.2
2020,3,20,06:20,UTC,417.7
2020,3,20,06:21,UTC,551.7
2020,3,20,06:22,UTC,563.4
2020,3,20,06:23,UTC,402.9
2020,3,20,06:24,UTC,283.8
2020,3,20,06:25,UTC,279.7
2020,3,20,06:26,UTC,366.5
2020,3,20,06:27,UTC,195.6
2020,3,20,06:28,UTC,195.1
2020,3,20,06:29,UTC,389.7
2020,3,20,06:30,UTC,513.2
2020,3,20,06:31,UTC,435.9
2020,3,20,06:32,UTC,260.3
2020,3,20,06:33,UTC,334.5
2020,3,20,06:34,UTC,243.4
2020,3,20,06:35,UTC,209.5
2020,3,20,06:36,UTC,137.8
2020,3,20,06:37,UTC,209.3
2020,3,20,06:38,UTC,257.2
2020,3,20,06:39,UTC,264.6
2020,3,20,06:40,UTC,242.6
2020,3,20,06:41,UTC,219
2020,3,20,06:42,UTC,288.6
2020,3,20,06:43,UTC,214.1
2020,3,20,06:44,UTC,232.8
2020,3,20,06:45,UTC,187.9
2020,3,20,06:46,UTC,263.1
2020,3,20,06:47,UTC,296.7
2020,3,20,06:48,UTC,272.6
2020,3,20,06:49,UTC,177.8
2020,3,20,06:50,UTC,164.4
2020,3,20,06:51,UTC,148.9
2020,3,20,06:52,UTC,181
2020,3,20,06:53,UTC,211
2020,3,20,06:54,UTC,203
2020,3,20,06:55,UTC,201.3
2020,3,20,06:56,UTC,194.4
2020,3,20,06:57,UTC,148.5
2020,3,20,06:58,UTC,137.2
2020,3,20,06:59,UTC,118.8
2020,3,20,07:00,UTC,215
2020,3,20,07:01,UTC,341.6
2020,3,20,07:02,UTC,363.6
2020,3,20,07:03,UTC,270.5
2020,3,20,07:04,UTC,395.1
2020,3,20,07:05,UTC,287.8
2020,3,20,07:06,UTC,292.1
2020,3,20,07:07,UTC,340.9
2020,3,20,07:08,UTC,277.7
2020,3,20,07:09,UTC,507.7
2020,3,20,07:10,UTC,476.7
2020,3,20,07:11,UTC,363.6
2020,3,20,07:12,UTC,99.7
2020,3,20,07:13,UTC,67.1
2020,3,20,07:14,UTC,65.7
2020,3,20,07:15,UTC,102.4
2020,3,20,07:16,UTC,83.1
2020,3,20,07:17,UTC,63.8
2020,3,20,07:18,UTC,192.8
2020,3,20,07:19,UTC,92.7
2020,3,20,07:20,UTC,79.2
2020,3,20,07:21,UTC,76
2020,3,20,07:22,UTC,91.2
2020,3,20,07:23,UTC,72.8
2020,3,20,07:24,UTC,60.3
2020,3,20,07:25,UTC,53.7
2020,3,20,07:26,UTC,73.3
2020,3,20,07:27,UTC,58.8
2020,3,20,07:28,UTC,187.8
2020,3,20,07:29,UTC,173.1
2020,3,20,07:30,UTC,92.5
2020,3,20,07:31,UTC,227.7
2020,3,20,07:32,UTC,242
2020,3,20,07:33,UTC,376.1
2020,3,20,07:34,UTC,331.2
2020,3,20,07:35,UTC,376.3
2020,3,20,07:36,UTC,500
2020,3,20,07:37,UTC,652.5
2020,3,20,07:38,UTC,606.3
2020,3,20,07:39,UTC,651.2
2020,3,20,07:40,UTC,418.5
2020,3,20,07:41,UTC,197.9
2020,3,20,07:42,UTC,361.5
2020,3,20,07:43,UTC,258
2020,3,20,07:44,UTC,112.3
2020,3,20,07:45,UTC,38.8
2020,3,20,07:46,UTC,42
2020,3,20,07:47,UTC,84.9
2020,3,20,07:48,UTC,135.6
2020,3,20,07:49,UTC,122.6
2020,3,20,07:50,UTC,179.3
2020,3,20,07:51,UTC,160
2020,3,20,07:52,UTC,130.4
2020,3,20,07:53,UTC,266.7
2020,3,20,07:54,UTC,442.3
2020,3,20,07:55,UTC,534.6
2020,3,20,07:56,UTC,601.6
2020,3,20,07:57,UTC,672.5
2020,3,20,07:58,UTC,646.4
2020,3,20,07:59,UTC,695.9
2020,3,20,08:00,UTC,709.9
2020,3,20,08:01,UTC,724
2020,3,20,08:02,UTC,705.3
2020,3,20,08:03,UTC,696
2020,3,20,08:04,UTC,697.1
2020,3,20,08:05,UTC,742.2
2020,3,20,08:06,UTC,755.9
2020,3,20,08:07,UTC,498.6
2020,3,20,08:08,UTC,661.5
2020,3,20,08:09,UTC,715.6
2020,3,20,08:10,UTC,702.3
2020,3,20,08:11,UTC,601.1
2020,3,20,08:12,UTC,682.2
2020,3,20,08:13,UTC,658.9
2020,3,20,08:14,UTC,665.7
2020,3,20,08:15,UTC,688
2020,3,20,08:16,UTC,702.6
2020,3,20,08:17,UTC,735.6
2020,3,20,08:18,UTC,723.5
2020,3,20,08:19,UTC,621.2
2020,3,20,08:20,UTC,595
2020,3,20,08:21,UTC,451.2
2020,3,20,08:22,UTC,613.6
2020,3,20,08:23,UTC,813.8
2020,3,20,08:24,UTC,799
2020,3,20,08:25,UTC,804.2
2020,3,20,08:26,UTC,821.9
2020,3,20,08:27,UTC,828.1
2020,3,20,08:28,UTC,832.9
2020,3,20,08:29,UTC,838.5
2020,3,20,08:30,UTC,841.7
2020,3,20,08:31,UTC,849.2
2020,3,20,08:32,UTC,847.5
2020,3,20,08:33,UTC,849.8
2020,3,20,08:34,UTC,854.1
2020,3,20,08:35,UTC,858.8
2020,3,20,08:36,UTC,862.3
2020,3,20,08:37,UTC,862.8
2020,3,20,08:38,UTC,862.6
2020,3,20,08:39,UTC,859.9
2020,3,20,08:40,UTC,850.7
2020,3,20,08:41,UTC,854.9
2020,3,20,08:42,UTC,859.8
2020,3,20,08:43,UTC,860.5
2020,3,20,08:44,UTC,866.9
2020,3,20,08:45,UTC,871
2020,3,20,08:46,UTC,872.1
2020,3,20,08:47,UTC,870.6
2020,3,20,08:48,UTC,871.1
2020,3,20,08:49,UTC,872.2
2020,3,20,08:50,UTC,872.6
2020,3,20,08:51,UTC,874.3
2020,3,20,08:52,UTC,874.8
2020,3,20,08:53,UTC,873.3
2020,3,20,08:54,UTC,874.7
2020,3,20,08:55,UTC,877.7
2020,3,20,08:56,UTC,878.9
2020,3,20,08:57,UTC,877.7
2020,3,20,08:58,UTC,880.2
2020,3,20,08:59,UTC,881.3
2020,3,20,09:00,UTC,881.8
2020,3,20,09:01,UTC,882.5
2020,3,20,09:02,UTC,883.4
2020,3,20,09:03,UTC,884.6
2020,3,20,09:04,UTC,884.8
2020,3,20,09:05,UTC,884.8
2020,3,20,09:06,UTC,884.6
2020,3,20,09:07,UTC,885.1
2020,3,20,09:08,UTC,886.3
2020,3,20,09:09,UTC,884.2
2020,3,20,09:10,UTC,883.9
2020,3,20,09:11,UTC,881.8
2020,3,20,09:12,UTC,882.7
2020,3,20,09:13,UTC,876.5
2020,3,20,09:14,UTC,859.5
2020,3,20,09:15,UTC,837.6
2020,3,20,09:16,UTC,816.7
2020,3,20,09:17,UTC,809.4
2020,3,20,09:18,UTC,806.7
2020,3,20,09:19,UTC,817.8
2020,3,20,09:20,UTC,780.7
2020,3,20,09:21,UTC,788.3
2020,3,20,09:22,UTC,793
2020,3,20,09:23,UTC,817.6
2020,3,20,09:24,UTC,803
2020,3,20,09:25,UTC,741.7
2020,3,20,09:26,UTC,708.8
2020,3,20,09:27,UTC,803.7
2020,3,20,09:28,UTC,799.7
2020,3,20,09:29,UTC,858.2
2020,3,20,09:30,UTC,859.7
2020,3,20,09:31,UTC,851.9
2020,3,20,09:32,UTC,829.9
2020,3,20,09:33,UTC,802.7
2020,3,20,09:34,UTC,647.8
2020,3,20,09:35,UTC,709.1
2020,3,20,09:36,UTC,679.5
2020,3,20,09:37,UTC,588.4
2020,3,20,09:38,UTC,598.4
2020,3,20,09:39,UTC,807
2020,3,20,09:40,UTC,890.5
2020,3,20,09:41,UTC,892.4
2020,3,20,09:42,UTC,893
2020,3,20,09:43,UTC,887.2
2020,3,20,09:44,UTC,894.8
2020,3,20,09:45,UTC,892.7
2020,3,20,09:46,UTC,894.2
2020,3,20,09:47,UTC,894
2020,3,20,09:48,UTC,893.2
2020,3,20,09:49,UTC,893.7
2020,3,20,09:50,UTC,897.3
2020,3,20,09:51,UTC,897.5
2020,3,20,09:52,UTC,895.8
2020,3,20,09:53,UTC,894.7
2020,3,20,09:54,UTC,893.9
2020,3,20,09:55,UTC,894.2
2020,3,20,09:56,UTC,895.3
2020,3,20,09:57,UTC,895.9
2020,3,20,09:58,UTC,897.4
2020,3,20,09:59,UTC,898.6
2020,3,20,10:00,UTC,900.3
2020,3,20,10:01,UTC,897.8
2020,3,20,10:02,UTC,897.2
2020,3,20,10:03,UTC,895.7
2020,3,20,10:04,UTC,896.3
2020,3,20,10:05,UTC,894.4
2020,3,20,10:06,UTC,894.8
2020,3,20,10:07,UTC,897.1
2020,3,20,10:08,UTC,897.3
2020,3,20,10:09,UTC,899
2020,3,20,10:10,UTC,899.8
2020,3,20,10:11,UTC,900.7
2020,3,20,10:12,UTC,902.3
2020,3,20,10:13,UTC,901.3
2020,3,20,10:14,UTC,901.4
2020,3,20,10:15,UTC,900.6
2020,3,20,10:16,UTC,900.8
2020,3,20,10:17,UTC,900.4
2020,3,20,10:18,UTC,899.2
2020,3,20,10:19,UTC,900.1
2020,3,20,10:20,UTC,899.6
2020,3,20,10:21,UTC,898.5
2020,3,20,10:22,UTC,895.9
2020,3,20,10:23,UTC,895.4
2020,3,20,10:24,UTC,895.6
2020,3,20,10:25,UTC,895.2
2020,3,20,10:26,UTC,895.9
2020,3,20,10:27,UTC,899.4
2020,3,20,10:28,UTC,898.1
2020,3,20,10:29,UTC,896.7
2020,3,20,10:30,UTC,894
2020,3,20,10:31,UTC,892.8
2020,3,20,10:32,UTC,892
2020,3,20,10:33,UTC,892.6
2020,3,20,10:34,UTC,892.8
2020,3,20,10:35,UTC,891.7
2020,3,20,10:36,UTC,898.7
2020,3,20,10:37,UTC,900.7
2020,3,20,10:38,UTC,898.4
2020,3,20,10:39,UTC,896.4
2020,3,20,10:40,UTC,894.2
2020,3,20,10:41,UTC,892.6
2020,3,20,10:42,UTC,892.7
2020,3,20,10:43,UTC,891.1
2020,3,20,10:44,UTC,889.4
2020,3,20,10:45,UTC,890.3
2020,3,20,10:46,UTC,891.5
2020,3,20,10:47,UTC,892.8
2020,3,20,10:48,UTC,890.4
2020,3,20,10:49,UTC,893.1
2020,3,20,10:50,UTC,887.4
2020,3,20,10:51,UTC,866.9
2020,3,20,10:52,UTC,894.1
2020,3,20,10:53,UTC,894.2
2020,3,20,10:54,UTC,894.7
2020,3,20,10:55,UTC,895.7
2020,3,20,10:56,UTC,894.1
2020,3,20,10:57,UTC,891.5
2020,3,20,10:58,UTC,892.2
2020,3,20,10:59,UTC,890.4
2020,3,20,11:00,UTC,890.6
2020,3,20,11:01,UTC,893
2020,3,20,11:02,UTC,893.5
2020,3,20,11:03,UTC,891
2020,3,20,11:04,UTC,888
2020,3,20,11:05,UTC,862.3
2020,3,20,11:06,UTC,824.8
2020,3,20,11:07,UTC,323.2
2020,3,20,11:08,UTC,166.8
2020,3,20,11:09,UTC,472.1
2020,3,20,11:10,UTC,892.6
2020,3,20,11:11,UTC,890.3
2020,3,20,11:12,UTC,887.6
2020,3,20,11:13,UTC,888.2
2020,3,20,11:14,UTC,890.9
2020,3,20,11:15,UTC,890.8
2020,3,20,11:16,UTC,891.5
2020,3,20,11:17,UTC,889.7
2020,3,20,11:18,UTC,886.8
2020,3,20,11:19,UTC,882.4
2020,3,20,11:20,UTC,885.2
2020,3,20,11:21,UTC,885.2
2020,3,20,11:22,UTC,884.5
2020,3,20,11:23,UTC,885
2020,3,20,11:24,UTC,887.8
2020,3,20,11:25,UTC,885.8
2020,3,20,11:26,UTC,887.4
2020,3,20,11:27,UTC,886.5
2020,3,20,11:28,UTC,885.5
2020,3,20,11:29,UTC,886.7
2020,3,20,11:30,UTC,884.6
2020,3,20,11:31,UTC,882.8
2020,3,20,11:32,UTC,883
2020,3,20,11:33,UTC,883
2020,3,20,11:34,UTC,884.7
2020,3,20,11:35,UTC,882.7
2020,3,20,11:36,UTC,770
2020,3,20,11:37,UTC,887.8
2020,3,20,11:38,UTC,888.3
2020,3,20,11:39,UTC,884.7
2020,3,20,11:40,UTC,883.7
2020,3,20,11:41,UTC,884.9
2020,3,20,11:42,UTC,884.3
2020,3,20,11:43,UTC,884.7
2020,3,20,11:44,UTC,884.6
2020,3,20,11:45,UTC,881.2
2020,3,20,11:46,UTC,880.3
2020,3,20,11:47,UTC,881
2020,3,20,11:48,UTC,881.5
2020,3,20,11:49,UTC,881.9
2020,3,20,11:50,UTC,882.7
2020,3,20,11:51,UTC,883.2
2020,3,20,11:52,UTC,883.3
2020,3,20,11:53,UTC,883.3
2020,3,20,11:54,UTC,883.9
2020,3,20,11:55,UTC,883.7
2020,3,20,11:56,UTC,883.7
2020,3,20,11:57,UTC,883.2
2020,3,20,11:58,UTC,883
2020,3,20,11:59,UTC,881.4
2020,3,20,12:00,UTC,881.3
2020,3,20,12:01,UTC,883.8
2020,3,20,12:02,UTC,884.8
2020,3,20,12:03,UTC,884.3
2020,3,20,12:04,UTC,884.4
2020,3,20,12:05,UTC,883.2
2020,3,20,12:06,UTC,883.7
2020,3,20,12:07,UTC,883.1
2020,3,20,12:08,UTC,883
2020,3,20,12:09,UTC,883.9
2020,3,20,12:10,UTC,884.4
2020,3,20,12:11,UTC,882.8
2020,3,20,12:12,UTC,881
2020,3,20,12:13,UTC,880.3
2020,3,20,12:14,UTC,879.5
2020,3,20,12:15,UTC,878.3
2020,3,20,12:16,UTC,875.9
2020,3,20,12:17,UTC,876.4
2020,3,20,12:18,UTC,877.1
2020,3,20,12:19,UTC,877.5
2020,3,20,12:20,UTC,876.2
2020,3,20,12:21,UTC,873.3
2020,3,20,12:22,UTC,871.3
2020,3,20,12:23,UTC,869.2
2020,3,20,12:24,UTC,867.4
2020,3,20,12:25,UTC,864.1
2020,3,20,12:26,UTC,862
2020,3,20,12:27,UTC,862.2
2020,3,20,12:28,UTC,866.1
2020,3,20,12:29,UTC,866.6
2020,3,20,12:30,UTC,863.4
2020,3,20,12:31,UTC,860.4
2020,3,20,12:32,UTC,858.5
2020,3,20,12:33,UTC,857.7
2020,3,20,12:34,UTC,858.4
2020,3,20,12:35,UTC,857.9
2020,3,20,12:36,UTC,855.3
2020,3,20,12:37,UTC,854.2
2020,3,20,12:38,UTC,855.3
2020,3,20,12:39,UTC,854.6
2020,3,20,12:40,UTC,855.5
2020,3,20,12:41,UTC,854.2
2020,3,20,12:42,UTC,851.7
2020,3,20,12:43,UTC,847.8
2020,3,20,12:44,UTC,848
2020,3,20,12:45,UTC,845.9
2020,3,20,12:46,UTC,844.8
2020,3,20,12:47,UTC,842.5
2020,3,20,12:48,UTC,842.9
2020,3,20,12:49,UTC,844
2020,3,20,12:50,UTC,845
2020,3,20,12:51,UTC,848.6
2020,3,20,12:52,UTC,845.9
2020,3,20,12:53,UTC,844
2020,3,20,12:54,UTC,842.2
2020,3,20,12:55,UTC,841.2
2020,3,20,12:56,UTC,837.3
2020,3,20,12:57,UTC,836.4
2020,3,20,12:58,UTC,836.7
2020,3,20,12:59,UTC,836.5
2020,3,20,13:00,UTC,837.5
2020,3,20,13:01,UTC,838.8
2020,3,20,13:02,UTC,837.9
2020,3,20,13:03,UTC,836.2
2020,3,20,13:04,UTC,835.7
2020,3,20,13:05,UTC,833.1
2020,3,20,13:06,UTC,830.9
2020,3,20,13:07,UTC,827.9
2020,3,20,13:08,UTC,827
2020,3,20,13:09,UTC,826.7
2020,3,20,13:10,UTC,825.3
2020,3,20,13:11,UTC,825.1
2020,3,20,13:12,UTC,826.4
2020,3,20,13:13,UTC,824.3
2020,3,20,13:14,UTC,822.5
2020,3,20,13:15,UTC,820.9
2020,3,20,13:16,UTC,818.3
2020,3,20,13:17,UTC,816.8
2020,3,20,13:18,UTC,816.5
2020,3,20,13:19,UTC,817.1
2020,3,20,13:20,UTC,817.1
2020,3,20,13:21,UTC,815.6
2020,3,20,13:22,UTC,813.5
2020,3,20,13:23,UTC,814.4
2020,3,20,13:24,UTC,814.2
2020,3,20,13:25,UTC,812.5
2020,3,20,13:26,UTC,811.2
2020,3,20,13:27,UTC,809
2020,3,20,13:28,UTC,809.7
2020,3,20,13:29,UTC,809.3
2020,3,20,13:30,UTC,807.5
2020,3,20,13:31,UTC,804.3
2020,3,20,13:32,UTC,801.8
2020,3,20,13:33,UTC,803
2020,3,20,13:34,UTC,802.3
2020,3,20,13:35,UTC,800.2
2020,3,20,13:36,UTC,797.4
2020,3,20,13:37,UTC,797.4
2020,3,20,13:38,UTC,795.6
2020,3,20,13:39,UTC,793.9
2020,3,20,13:40,UTC,793
2020,3,20,13:41,UTC,792
2020,3,20,13:42,UTC,790.1
2020,3,20,13:43,UTC,785.4
2020,3,20,13:44,UTC,782.5
2020,3,20,13:45,UTC,782.5
2020,3,20,13:46,UTC,782.1
2020,3,20,13:47,UTC,785.9
2020,3,20,13:48,UTC,785
2020,3,20,13:49,UTC,782.4
2020,3,20,13:50,UTC,781.2
2020,3,20,13:51,UTC,781
2020,3,20,13:52,UTC,780.1
2020,3,20,13:53,UTC,778.8
2020,3,20,13:54,UTC,778.2
2020,3,20,13:55,UTC,775.7
2020,3,20,13:56,UTC,773.5
2020,3,20,13:57,UTC,772.8
2020,3,20,13:58,UTC,772.8
2020,3,20,13:59,UTC,771.9
2020,3,20,14:00,UTC,773.5
2020,3,20,14:01,UTC,773.5
2020,3,20,14:02,UTC,769.1
2020,3,20,14:03,UTC,767.7
2020,3,20,14:04,UTC,764.3
2020,3,20,14:05,UTC,762
2020,3,20,14:06,UTC,760.4
2020,3,20,14:07,UTC,760.5
2020,3,20,14:08,UTC,759.3
2020,3,20,14:09,UTC,757.7
2020,3,20,14:10,UTC,755.9
2020,3,20,14:11,UTC,754.3
2020,3,20,14:12,UTC,751.7
2020,3,20,14:13,UTC,750.8
2020,3,20,14:14,UTC,751
2020,3,20,14:15,UTC,750
2020,3,20,14:16,UTC,745.3
2020,3,20,14:17,UTC,743.7
2020,3,20,14:18,UTC,742.5
2020,3,20,14:19,UTC,740.8
2020,3,20,14:20,UTC,739.9
2020,3,20,14:21,UTC,739
2020,3,20,14:22,UTC,737.6
2020,3,20,14:23,UTC,734.7
2020,3,20,14:24,UTC,731.7
2020,3,20,14:25,UTC,728.8
2020,3,20,14:26,UTC,726.7
2020,3,20,14:27,UTC,725.3
2020,3,20,14:28,UTC,724.5
2020,3,20,14:29,UTC,722.5
2020,3,20,14:30,UTC,718.9
2020,3,20,14:31,UTC,716
2020,3,20,14:32,UTC,712.1
2020,3,20,14:33,UTC,709.7
2020,3,20,14:34,UTC,707.6
2020,3,20,14:35,UTC,704.5
2020,3,20,14:36,UTC,701
2020,3,20,14:37,UTC,696.5
2020,3,20,14:38,UTC,691.9
2020,3,20,14:39,UTC,688.2
2020,3,20,14:40,UTC,686
2020,3,20,14:41,UTC,682.2
2020,3,20,14:42,UTC,679.5
2020,3,20,14:43,UTC,676.7
2020,3,20,14:44,UTC,676.3
2020,3,20,14:45,UTC,673.5
2020,3,20,14:46,UTC,672.3
2020,3,20,14:47,UTC,669
2020,3,20,14:48,UTC,665.8
2020,3,20,14:49,UTC,662.4
2020,3,20,14:50,UTC,661.1
2020,3,20,14:51,UTC,657.5
2020,3,20,14:52,UTC,654.3
2020,3,20,14:53,UTC,648.6
2020,3,20,14:54,UTC,647.9
2020,3,20,14:55,UTC,644.7
2020,3,20,14:56,UTC,642
2020,3,20,14:57,UTC,638.4
2020,3,20,14:58,UTC,637.1
2020,3,20,14:59,UTC,632.2
2020,3,20,15:00,UTC,628.7
2020,3,20,15:01,UTC,626.1
2020,3,20,15:02,UTC,622.6
2020,3,20,15:03,UTC,620.5
2020,3,20,15:04,UTC,616.7
2020,3,20,15:05,UTC,614.3
2020,3,20,15:06,UTC,611.1
2020,3,20,15:07,UTC,607.4
2020,3,20,15:08,UTC,602.7
2020,3,20,15:09,UTC,601.3
2020,3,20,15:10,UTC,599.6
2020,3,20,15:11,UTC,594.4
2020,3,20,15:12,UTC,590.4
2020,3,20,15:13,UTC,587.6
2020,3,20,15:14,UTC,582.3
2020,3,20,15:15,UTC,578.6
2020,3,20,15:16,UTC,575
2020,3,20,15:17,UTC,571.4
2020,3,20,15:18,UTC,567.6
2020,3,20,15:19,UTC,563.8
2020,3,20,15:20,UTC,559.4
2020,3,20,15:21,UTC,555.1
2020,3,20,15:22,UTC,549.4
2020,3,20,15:23,UTC,543.7
2020,3,20,15:24,UTC,540.6
2020,3,20,15:25,UTC,538.1
2020,3,20,15:26,UTC,535.2
2020,3,20,15:27,UTC,529.3
2020,3,20,15:28,UTC,523.1
2020,3,20,15:29,UTC,517
2020,3,20,15:30,UTC,511
2020,3,20,15:31,UTC,506.8
2020,3,20,15:32,UTC,503.7
2020,3,20,15:33,UTC,497
2020,3,20,15:34,UTC,492.1
2020,3,20,15:35,UTC,487.4
2020,3,20,15:36,UTC,481.1
2020,3,20,15:37,UTC,475.6
2020,3,20,15:38,UTC,470.5
2020,3,20,15:39,UTC,465.2
2020,3,20,15:40,UTC,460
2020,3,20,15:41,UTC,455.8
2020,3,20,15:42,UTC,450.7
2020,3,20,15:43,UTC,445.3
2020,3,20,15:44,UTC,439.4
2020,3,20,15:45,UTC,435.8
2020,3,20,15:46,UTC,430.5
2020,3,20,15:47,UTC,424.6
2020,3,20,15:48,UTC,419.6
2020,3,20,15:49,UTC,413.7
2020,3,20,15:50,UTC,407.4
2020,3,20,15:51,UTC,402.7
2020,3,20,15:52,UTC,395.9
2020,3,20,15:53,UTC,387.9
2020,3,20,15:54,UTC,381.9
2020,3,20,15:55,UTC,375.7
2020,3,20,15:56,UTC,367.4
2020,3,20,15:57,UTC,360
2020,3,20,15:58,UTC,355.5
2020,3,20,15:59,UTC,349.9
2020,3,20,16:00,UTC,343.1
2020,3,20,16:01,UTC,337.6
2020,3,20,16:02,UTC,329.4
2020,3,20,16:03,UTC,322.4
2020,3,20,16:04,UTC,316
2020,3,20,16:05,UTC,307.8
2020,3,20,16:06,UTC,300.4
2020,3,20,16:07,UTC,292.4
2020,3,20,16:08,UTC,284.5
2020,3,20,16:09,UTC,276
2020,3,20,16:10,UTC,267.2
2020,3,20,16:11,UTC,259.7
2020,3,20,16:12,UTC,252.3
2020,3,20,16:13,UTC,244.1
2020,3,20,16:14,UTC,235.8
2020,3,20,16:15,UTC,229
2020,3,20,16:16,UTC,220.8
2020,3,20,16:17,UTC,213.1
2020,3,20,16:18,UTC,206
2020,3,20,16:19,UTC,197.5
2020,3,20,16:20,UTC,188.9
2020,3,20,16:21,UTC,179.5
2020,3,20,16:22,UTC,170.5
2020,3,20,16:23,UTC,161
2020,3,20,16:24,UTC,149.7
2020,3,20,16:25,UTC,139.6
2020,3,20,16:26,UTC,131
2020,3,20,16:27,UTC,122.3
2020,3,20,16:28,UTC,113.1
2020,3,20,16:29,UTC,104
2020,3,20,16:30,UTC,94.8
2020,3,20,16:31,UTC,83.2
2020,3,20,16:32,UTC,62.4
2020,3,20,16:33,UTC,34.1
2020,3,20,16:34,UTC,9.7
2020,3,20,16:35,UTC,0.1
2020,3,20,16:36,UTC,-0.3
2020,3,20,16:37,UTC,-0.8
2020,3,20,16:38,UTC,-1.1
2020,3,20,16:39,UTC,-1.4
2020,3,20,16:40,UTC,-1.6
2020,3,20,16:41,UTC,-1.7
2020,3,20,16:42,UTC,-1.7
2020,3,20,16:43,UTC,-1.8
2020,3,20,16:44,UTC,-1.7
2020,3,20,16:45,UTC,-1.4
2020,3,20,16:46,UTC,-1.3
2020,3,20,16:47,UTC,-1.3
2020,3,20,16:48,UTC,-1.4
2020,3,20,16:49,UTC,-1.5
2020,3,20,16:50,UTC,-1.5
2020,3,20,16:51,UTC,-1.6
2020,3,20,16:52,UTC,-1.3
2020,3,20,16:53,UTC,-1.5
2020,3,20,16:54,UTC,-1.5
2020,3,20,16:55,UTC,-1.5
2020,3,20,16:56,UTC,-1.4
2020,3,20,16:57,UTC,-1.3
2020,3,20,16:58,UTC,-1.4
2020,3,20,16:59,UTC,-1
2020,3,20,17:00,UTC,-0.7
2020,3,20,17:01,UTC,-0.6
2020,3,20,17:02,UTC,-0.6
2020,3,20,17:03,UTC,-0.9
2020,3,20,17:04,UTC,-0.8
2020,3,20,17:05,UTC,-1
2020,3,20,17:06,UTC,-1.2
2020,3,20,17:07,UTC,-1.1
2020,3,20,17:08,UTC,-1
2020,3,20,17:09,UTC,-1
2020,3,20,17:10,UTC,-1.2
2020,3,20,17:11,UTC,-1.1
2020,3,20,17:12,UTC,-1
2020,3,20,17:13,UTC,-1.1
2020,3,20,17:14,UTC,-0.9
2020,3,20,17:15,UTC,-0.7
2020,3,20,17:16,UTC,-0.7
2020,3,20,17:17,UTC,-0.6
2020,3,20,17:18,UTC,-0.5
2020,3,20,17:19,UTC,-0.5
2020,3,20,17:20,UTC,-0.6
2020,3,20,17:21,UTC,-0.8
2020,3,20,17:22,UTC,-0.6
2020,3,20,17:23,UTC,-0.7
2020,3,20,17:24,UTC,-0.8
2020,3,20,17:25,UTC,-0.9
2020,3,20,17:26,UTC,-0.9
2020,3,20,17:27,UTC,-0.7
2020,3,20,17:28,UTC,-0.8
2020,3,20,17:29,UTC,-0.6
2020,3,20,17:30,UTC,-0.2
2020,3,20,17:31,UTC,-0.1
2020,3,20,17:32,UTC,-0.3
2020,3,20,17:33,UTC,-0.3
2020,3,20,17:34,UTC,-0.2
2020,3,20,17:35,UTC,-0.1
2020,3,20,17:36,UTC,-0.3
2020,3,20,17:37,UTC,-0.5
2020,3,20,17:38,UTC,-0.5
2020,3,20,17:39,UTC,-0.7
2020,3,20,17:40,UTC,-0.4
2020,3,20,17:41,UTC,-0.4
2020,3,20,17:42,UTC,-0.4
2020,3,20,17:43,UTC,-0.4
2020,3,20,17:44,UTC,-0.5
2020,3,20,17:45,UTC,-0.2
2020,3,20,17:46,UTC,-0.3
2020,3,20,17:47,UTC,-0.4
2020,3,20,17:48,UTC,-0.6
2020,3,20,17:49,UTC,-0.5
2020,3,20,17:50,UTC,-0.5
2020,3,20,17:51,UTC,-0.6
2020,3,20,17:52,UTC,-0.7
2020,3,20,17:53,UTC,-0.8
2020,3,20,17:54,UTC,-0.8
2020,3,20,17:55,UTC,-0.9
2020,3,20,17:56,UTC,-0.9
2020,3,20,17:57,UTC,-0.8
2020,3,20,17:58,UTC,-1.1
2020,3,20,17:59,UTC,-0.7
2020,3,20,18:00,UTC,-0.3
2020,3,20,18:01,UTC,-0.6
2020,3,20,18:02,UTC,-0.7
2020,3,20,18:03,UTC,-0.6
2020,3,20,18:04,UTC,-0.5
2020,3,20,18:05,UTC,-0.5
2020,3,20,18:06,UTC,-0.5
2020,3,20,18:07,UTC,-0.5
2020,3,20,18:08,UTC,-0.5
2020,3,20,18:09,UTC,-0.4
2020,3,20,18:10,UTC,-0.6
2020,3,20,18:11,UTC,-0.6
2020,3,20,18:12,UTC,-0.4
2020,3,20,18:13,UTC,-0.3
2020,3,20,18:14,UTC,-0.4
2020,3,20,18:15,UTC,-0.5
2020,3,20,18:16,UTC,-0.4
2020,3,20,18:17,UTC,-0.6
2020,3,20,18:18,UTC,-0.8
2020,3,20,18:19,UTC,-0.9
2020,3,20,18:20,UTC,-0.7
2020,3,20,18:21,UTC,-0.8
2020,3,20,18:22,UTC,-0.8
2020,3,20,18:23,UTC,-0.6
2020,3,20,18:24,UTC,-0.7
2020,3,20,18:25,UTC,-0.8
2020,3,20,18:26,UTC,-0.9
2020,3,20,18:27,UTC,-0.8
2020,3,20,18:28,UTC,-0.8
2020,3,20,18:29,UTC,-0.6
2020,3,20,18:30,UTC,-0.4
2020,3,20,18:31,UTC,-0.4
2020,3,20,18:32,UTC,-0.3
2020,3,20,18:33,UTC,-0.5
2020,3,20,18:34,UTC,-0.3
2020,3,20,18:35,UTC,0
2020,3,20,18:36,UTC,0
2020,3,20,18:37,UTC,0
2020,3,20,18:38,UTC,-0.2
2020,3,20,18:39,UTC,-0.1
2020,3,20,18:40,UTC,-0.1
2020,3,20,18:41,UTC,0
2020,3,20,18:42,UTC,-0.3
2020,3,20,18:43,UTC,-0.2
2020,3,20,18:44,UTC,-0.2
2020,3,20,18:45,UTC,0.2
2020,3,20,18:46,UTC,0
2020,3,20,18:47,UTC,-0.1
2020,3,20,18:48,UTC,-0.1
2020,3,20,18:49,UTC,-0.1
2020,3,20,18:50,UTC,-0.1
2020,3,20,18:51,UTC,0
2020,3,20,18:52,UTC,0.1
2020,3,20,18:53,UTC,0.1
2020,3,20,18:54,UTC,0
2020,3,20,18:55,UTC,0
2020,3,20,18:56,UTC,-0.2
2020,3,20,18:57,UTC,-0.1
2020,3,20,18:58,UTC,0.1
2020,3,20,18:59,UTC,-0.3
2020,3,20,19:00,UTC,-0.2
2020,3,20,19:01,UTC,-0.1
2020,3,20,19:02,UTC,-0.2
2020,3,20,19:03,UTC,0.1
2020,3,20,19:04,UTC,-0.2
2020,3,20,19:05,UTC,-0.1
2020,3,20,19:06,UTC,-0.1
2020,3,20,19:07,UTC,-0.1
2020,3,20,19:08,UTC,-0.1
2020,3,20,19:09,UTC,0
2020,3,20,19:10,UTC,-0.1
2020,3,20,19:11,UTC,-0.2
2020,3,20,19:12,UTC,-0.2
2020,3,20,19:13,UTC,-0.1
2020,3,20,19:14,UTC,-0.2
2020,3,20,19:15,UTC,-0.3
2020,3,20,19:16,UTC,-0.3
2020,3,20,19:17,UTC,-0.3
2020,3,20,19:18,UTC,-0.4
2020,3,20,19:19,UTC,-0.5
2020,3,20,19:20,UTC,-0.4
2020,3,20,19:21,UTC,0.1
2020,3,20,19:22,UTC,0.1
2020,3,20,19:23,UTC,-0.1
2020,3,20,19:24,UTC,0
2020,3,20,19:25,UTC,0.1
2020,3,20,19:26,UTC,-0.1
2020,3,20,19:27,UTC,0
2020,3,20,19:28,UTC,0
2020,3,20,19:29,UTC,-0.3
2020,3,20,19:30,UTC,-0.4
2020,3,20,19:31,UTC,-0.5
2020,3,20,19:32,UTC,-0.6
2020,3,20,19:33,UTC,-0.6
2020,3,20,19:34,UTC,-0.5
2020,3,20,19:35,UTC,-0.4
2020,3,20,19:36,UTC,-0.2
2020,3,20,19:37,UTC,0
2020,3,20,19:38,UTC,-0.1
2020,3,20,19:39,UTC,-0.4
2020,3,20,19:40,UTC,-0.4
2020,3,20,19:41,UTC,-0.5
2020,3,20,19:42,UTC,-0.1
2020,3,20,19:43,UTC,-0.3
2020,3,20,19:44,UTC,-0.3
2020,3,20,19:45,UTC,0
2020,3,20,19:46,UTC,0
2020,3,20,19:47,UTC,0.1
2020,3,20,19:48,UTC,0.1
2020,3,20,19:49,UTC,0.1
2020,3,20,19:50,UTC,0
2020,3,20,19:51,UTC,-0.1
2020,3,20,19:52,UTC,-0.1
2020,3,20,19:53,UTC,-0.1
2020,3,20,19:54,UTC,-0.3
2020,3,20,19:55,UTC,-0.1
2020,3,20,19:56,UTC,0.1
2020,3,20,19:57,UTC,0.1
2020,3,20,19:58,UTC,0.1
2020,3,20,19:59,UTC,0.3
2020,3,20,20:00,UTC,0.6
2020,3,20,20:01,UTC,0.7
2020,3,20,20:02,UTC,0.7
2020,3,20,20:03,UTC,0.7
2020,3,20,20:04,UTC,0.3
2020,3,20,20:05,UTC,0.1
2020,3,20,20:06,UTC,0.3
2020,3,20,20:07,UTC,0
2020,3,20,20:08,UTC,0.2
2020,3,20,20:09,UTC,0.2
2020,3,20,20:10,UTC,0.2
2020,3,20,20:11,UTC,0.5
2020,3,20,20:12,UTC,0.4
2020,3,20,20:13,UTC,0.6
2020,3,20,20:14,UTC,0.2
2020,3,20,20:15,UTC,-0.2
2020,3,20,20:16,UTC,-0.1
2020,3,20,20:17,UTC,0
2020,3,20,20:18,UTC,0.4
2020,3,20,20:19,UTC,0
2020,3,20,20:20,UTC,-0.2
2020,3,20,20:21,UTC,-0.2
2020,3,20,20:22,UTC,-0.3
2020,3,20,20:23,UTC,-0.2
2020,3,20,20:24,UTC,-0.2
2020,3,20,20:25,UTC,0
2020,3,20,20:26,UTC,-0.2
2020,3,20,20:27,UTC,-0.2
2020,3,20,20:28,UTC,-0.3
2020,3,20,20:29,UTC,-0.2
2020,3,20,20:30,UTC,-0.3
2020,3,20,20:31,UTC,-0.4
2020,3,20,20:32,UTC,-0.3
2020,3,20,20:33,UTC,-0.5
2020,3,20,20:34,UTC,-0.3
2020,3,20,20:35,UTC,-0.2
2020,3,20,20:36,UTC,0
2020,3,20,20:37,UTC,-0.3
2020,3,20,20:38,UTC,-0.3
2020,3,20,20:39,UTC,-0.4
2020,3,20,20:40,UTC,-0.4
2020,3,20,20:41,UTC,-0.3
2020,3,20,20:42,UTC,-0.3
2020,3,20,20:43,UTC,-0.2
2020,3,20,20:44,UTC,-0.1
2020,3,20,20:45,UTC,0.1
2020,3,20,20:46,UTC,0.1
2020,3,20,20:47,UTC,0.1
2020,3,20,20:48,UTC,-0.2
2020,3,20,20:49,UTC,-0.2
2020,3,20,20:50,UTC,-0.2
2020,3,20,20:51,UTC,-0.4
2020,3,20,20:52,UTC,-0.3
2020,3,20,20:53,UTC,-0.4
2020,3,20,20:54,UTC,-0.3
2020,3,20,20:55,UTC,-0.3
2020,3,20,20:56,UTC,-0.3
2020,3,20,20:57,UTC,-0.4
2020,3,20,20:58,UTC,-0.5
2020,3,20,20:59,UTC,-0.1
2020,3,20,21:00,UTC,0
2020,3,20,21:01,UTC,0.1
2020,3,20,21:02,UTC,0.1
2020,3,20,21:03,UTC,-0.1
2020,3,20,21:04,UTC,-0.3
2020,3,20,21:05,UTC,-0.2
2020,3,20,21:06,UTC,-0.4
2020,3,20,21:07,UTC,-0.2
2020,3,20,21:08,UTC,-0.4
2020,3,20,21:09,UTC,-0.4
2020,3,20,21:10,UTC,-0.4
2020,3,20,21:11,UTC,-0.4
2020,3,20,21:12,UTC,-0.4
2020,3,20,21:13,UTC,-0.4
2020,3,20,21:14,UTC,-0.2
2020,3,20,21:15,UTC,0.1
2020,3,20,21:16,UTC,-0.1
2020,3,20,21:17,UTC,-0.1
2020,3,20,21:18,UTC,0
2020,3,20,21:19,UTC,-0.1
2020,3,20,21:20,UTC,0
2020,3,20,21:21,UTC,0.2
2020,3,20,21:22,UTC,0.3
2020,3,20,21:23,UTC,0.2
2020,3,20,21:24,UTC,0.5
2020,3,20,21:25,UTC,0.4
2020,3,20,21:26,UTC,0.2
2020,3,20,21:27,UTC,0.2
2020,3,20,21:28,UTC,0.1
2020,3,20,21:29,UTC,0.2
2020,3,20,21:30,UTC,0.2
2020,3,20,21:31,UTC,0.2
2020,3,20,21:32,UTC,0.2
2020,3,20,21:33,UTC,0.1
2020,3,20,21:34,UTC,-0.1
2020,3,20,21:35,UTC,-0.3
2020,3,20,21:36,UTC,-0.1
2020,3,20,21:37,UTC,-0.2
2020,3,20,21:38,UTC,-0.2
2020,3,20,21:39,UTC,-0.2
2020,3,20,21:40,UTC,-0.2
2020,3,20,21:41,UTC,0.1
2020,3,20,21:42,UTC,0.1
2020,3,20,21:43,UTC,0.3
2020,3,20,21:44,UTC,0.2
2020,3,20,21:45,UTC,0.1
2020,3,20,21:46,UTC,0.1
2020,3,20,21:47,UTC,0.2
2020,3,20,21:48,UTC,0.3
2020,3,20,21:49,UTC,0.3
2020,3,20,21:50,UTC,0.1
2020,3,20,21:51,UTC,0.2
2020,3,20,21:52,UTC,0.2
2020,3,20,21:53,UTC,0.1
2020,3,20,21:54,UTC,0
2020,3,20,21:55,UTC,0.1
2020,3,20,21:56,UTC,0.4
2020,3,20,21:57,UTC,0.4
2020,3,20,21:58,UTC,0.2
2020,3,20,21:59,UTC,-0.3
2020,3,20,22:00,UTC,-0.2
2020,3,20,22:01,UTC,-0.2
2020,3,20,22:02,UTC,-0.1
2020,3,20,22:03,UTC,-0.2
2020,3,20,22:04,UTC,0
2020,3,20,22:05,UTC,-0.2
2020,3,20,22:06,UTC,-0.1
2020,3,20,22:07,UTC,0
2020,3,20,22:08,UTC,0
2020,3,20,22:09,UTC,-0.1
2020,3,20,22:10,UTC,-0.1
2020,3,20,22:11,UTC,0.1
2020,3,20,22:12,UTC,-0.2
2020,3,20,22:13,UTC,-0.3
2020,3,20,22:14,UTC,-0.2
2020,3,20,22:15,UTC,-0.3
2020,3,20,22:16,UTC,-0.3
2020,3,20,22:17,UTC,-0.4
2020,3,20,22:18,UTC,-0.4
2020,3,20,22:19,UTC,-0.3
2020,3,20,22:20,UTC,-0.2
2020,3,20,22:21,UTC,-0.2
2020,3,20,22:22,UTC,-0.1
2020,3,20,22:23,UTC,-0.2
2020,3,20,22:24,UTC,-0.1
2020,3,20,22:25,UTC,-0.2
2020,3,20,22:26,UTC,0
2020,3,20,22:27,UTC,-0.1
2020,3,20,22:28,UTC,-0.3
2020,3,20,22:29,UTC,-0.3
2020,3,20,22:30,UTC,-0.1
2020,3,20,22:31,UTC,0.1
2020,3,20,22:32,UTC,0.1
2020,3,20,22:33,UTC,0.2
2020,3,20,22:34,UTC,0.1
2020,3,20,22:35,UTC,0
2020,3,20,22:36,UTC,0
2020,3,20,22:37,UTC,-0.1
2020,3,20,22:38,UTC,0.2
2020,3,20,22:39,UTC,0.2
2020,3,20,22:40,UTC,0.2
2020,3,20,22:41,UTC,0.1
2020,3,20,22:42,UTC,0.2
2020,3,20,22:43,UTC,0
2020,3,20,22:44,UTC,0.3
2020,3,20,22:45,UTC,0.5
2020,3,20,22:46,UTC,0.4
2020,3,20,22:47,UTC,0.5
2020,3,20,22:48,UTC,0.6
2020,3,20,22:49,UTC,1
2020,3,20,22:50,UTC,0.8
2020,3,20,22:51,UTC,0.8
2020,3,20,22:52,UTC,0.8
2020,3,20,22:53,UTC,0.7
2020,3,20,22:54,UTC,0.7
2020,3,20,22:55,UTC,0.4
2020,3,20,22:56,UTC,0.5
2020,3,20,22:57,UTC,0.3
2020,3,20,22:58,UTC,0.4
2020,3,20,22:59,UTC,0.3
2020,3,20,23:00,UTC,0.3
2020,3,20,23:01,UTC,0.3
2020,3,20,23:02,UTC,0.3
2020,3,20,23:03,UTC,0.2
2020,3,20,23:04,UTC,0.3
2020,3,20,23:05,UTC,0.4
2020,3,20,23:06,UTC,0.2
2020,3,20,23:07,UTC,0.2
2020,3,20,23:08,UTC,0.2
2020,3,20,23:09,UTC,0.1
2020,3,20,23:10,UTC,0.2
2020,3,20,23:11,UTC,0.2
2020,3,20,23:12,UTC,0.2
2020,3,20,23:13,UTC,0.2
2020,3,20,23:14,UTC,0.3
2020,3,20,23:15,UTC,0.2
2020,3,20,23:16,UTC,0.2
2020,3,20,23:17,UTC,0.2
2020,3,20,23:18,UTC,0.1
2020,3,20,23:19,UTC,0.1
2020,3,20,23:20,UTC,0.1
2020,3,20,23:21,UTC,0.2
2020,3,20,23:22,UTC,-0.1
2020,3,20,23:23,UTC,0
2020,3,20,23:24,UTC,0
2020,3,20,23:25,UTC,0.1
2020,3,20,23:26,UTC,0
2020,3,20,23:27,UTC,0
2020,3,20,23:28,UTC,-0.1
2020,3,20,23:29,UTC,-0.2
2020,3,20,23:30,UTC,-0.3
2020,3,20,23:31,UTC,-0.3
2020,3,20,23:32,UTC,-0.3
2020,3,20,23:33,UTC,-0.5
2020,3,20,23:34,UTC,-0.3
2020,3,20,23:35,UTC,-0.3
2020,3,20,23:36,UTC,-0.4
2020,3,20,23:37,UTC,-0.4
2020,3,20,23:38,UTC,-0.3
2020,3,20,23:39,UTC,-0.4
2020,3,20,23:40,UTC,-0.5
2020,3,20,23:41,UTC,-0.5
2020,3,20,23:42,UTC,-0.3
2020,3,20,23:43,UTC,-0.3
2020,3,20,23:44,UTC,0
2020,3,20,23:45,UTC,0.2
2020,3,20,23:46,UTC,0
2020,3,20,23:47,UTC,0.1
2020,3,20,23:48,UTC,0.1
2020,3,20,23:49,UTC,0.2
2020,3,20,23:50,UTC,0.1
2020,3,20,23:51,UTC,0.3
2020,3,20,23:52,UTC,0.3
2020,3,20,23:53,UTC,0.4
2020,3,20,23:54,UTC,0.3
2020,3,20,23:55,UTC,0.2
2020,3,20,23:56,UTC,0.2
2020,3,20,23:57,UTC,0.2
2020,3,20,23:58,UTC,0.3
2020,3,20,23:59,UTC,0.3
2020,3,21,00:00,UTC,0.4